篇章,类别,地名,星级,难度,画面提示词,文件
中国篇,城市,三亚,★☆☆☆☆,,三亚亚龙湾海滩，碧海白沙椰林摇曳，写实摄影风格,public/images/china/三亚.webp
中国篇,城市,上海,★☆☆☆☆,,上海外滩夜景，陆家嘴摩天楼群灯光璀璨，黄浦江游船穿梭，写实摄影风格,public/images/china/上海.webp
中国篇,景点,丽江古城,★☆☆☆☆,,丽江古城四方街，玉龙雪山远景纳西民居，写实摄影风格,public/images/china/丽江古城.webp
中国篇,景点,乌镇,★☆☆☆☆,,乌镇西栅夜景，水乡灯光倒影摇橹船，写实摄影风格,public/images/china/乌镇.webp
中国篇,景点,九寨沟,★☆☆☆☆,,九寨沟五花海，碧蓝湖水与秋日彩林倒影，写实摄影风格,public/images/china/九寨沟.webp
中国篇,景点,云冈石窟,★☆☆☆☆,,云冈石窟大佛，北魏石刻造像雄浑壮观，写实摄影风格,public/images/china/云冈石窟.webp
中国篇,景点,亚龙湾,★☆☆☆☆,,亚龙湾月牙形海湾，碧海银滩椰树，写实摄影风格,public/images/china/亚龙湾.webp
中国篇,景点,八达岭长城,★☆☆☆☆,,八达岭长城蜿蜒山脊，秋日红叶云雾缭绕，写实摄影风格,public/images/china/八达岭长城.webp
中国篇,城市,北京,★☆☆☆☆,,北京故宫角楼黄昏全景，金色琉璃瓦与护城河倒影，写实摄影风格,public/images/china/北京.webp
中国篇,城市,南宁,★☆☆☆☆,,南宁青秀山龙象塔，邕江蜿蜒绿意盎然，写实摄影风格,public/images/china/南宁.webp
中国篇,城市,南昌,★☆☆☆☆,,南昌滕王阁临江而立，赣江落日晚霞，写实摄影风格,public/images/china/南昌.webp
中国篇,城市,台北,★☆☆☆☆,,台北101大楼夜景，城市灯光璀璨繁华，写实摄影风格,public/images/china/台北.webp
中国篇,城市,合肥,★☆☆☆☆,,合肥巢湖落日，湖面波光粼粼帆影点点，写实摄影风格,public/images/china/合肥.webp
中国篇,城市,呼和浩特,★☆☆☆☆,,呼和浩特大召寺，藏传佛教建筑金顶红墙经幡，写实摄影风格,public/images/china/呼和浩特.webp
中国篇,景点,外滩,★☆☆☆☆,,上海外滩万国建筑群，黄昏灯光与黄浦江，写实摄影风格,public/images/china/外滩.webp
中国篇,城市,大连,★☆☆☆☆,,大连星海广场海岸线，灯塔海鸥与现代城市天际线，写实摄影风格,public/images/china/大连.webp
中国篇,景点,天坛,★☆☆☆☆,,天坛祈年殿，三重蓝琉璃檐蓝天背景，写实摄影风格,public/images/china/天坛.webp
中国篇,城市,天津,★☆☆☆☆,,天津之眼摩天轮黄昏，海河游船与欧式建筑倒影，写实摄影风格,public/images/china/天津.webp
中国篇,景点,天涯海角,★☆☆☆☆,,三亚天涯海角巨石海滩，椰林碧海蓝天，写实摄影风格,public/images/china/天涯海角.webp
中国篇,城市,太原,★☆☆☆☆,,太原晋祠圣母殿古建，飞檐斗拱苍松翠柏，写实摄影风格,public/images/china/太原.webp
中国篇,景点,少林寺,★☆☆☆☆,,少林寺山门与塔林，武僧习武晨练，写实摄影风格,public/images/china/少林寺.webp
中国篇,景点,布达拉宫,★☆☆☆☆,,拉萨布达拉宫，红白宫殿依山而立蓝天白云，写实摄影风格,public/images/china/布达拉宫.webp
中国篇,城市,广州,★☆☆☆☆,,广州珠江新城夜景，广州塔小蛮腰灯光变换，珠江水面倒影，写实摄影风格,public/images/china/广州.webp
中国篇,景点,广州塔,★☆☆☆☆,,广州塔小蛮腰夜景，灯光变幻珠江新城背景，写实摄影风格,public/images/china/广州塔.webp
中国篇,景点,张家界,★☆☆☆☆,,张家界天子山峰林云海，石柱如剑直插云霄，写实摄影风格,public/images/china/张家界.webp
中国篇,城市,成都,★☆☆☆☆,,成都大熊猫繁育基地，大熊猫抱竹憨态可掬，绿竹环绕，写实摄影风格,public/images/china/成都.webp
中国篇,景点,承德避暑山庄,★☆☆☆☆,,承德避暑山庄湖区烟雨楼，皇家园林江南风光，写实摄影风格,public/images/china/承德避暑山庄.webp
中国篇,景点,拙政园,★☆☆☆☆,,苏州拙政园远香堂水景，亭台曲廊荷池倒影，写实摄影风格,public/images/china/拙政园.webp
中国篇,景点,故宫,★☆☆☆☆,,故宫太和殿全景，金色琉璃瓦重檐庑殿顶，蓝天白云，写实摄影风格,public/images/china/故宫.webp
中国篇,景点,日月潭,★☆☆☆☆,,日月潭晨雾湖光，拉鲁岛与游船山色倒影，写实摄影风格,public/images/china/日月潭.webp
中国篇,景点,普陀山,★☆☆☆☆,,普陀山南海观音铜像，海天佛国碧海蓝天，写实摄影风格,public/images/china/普陀山.webp
中国篇,城市,杭州,★☆☆☆☆,,杭州西湖断桥远眺保俶塔，湖面游船点点晨雾缭绕，写实摄影风格,public/images/china/杭州.webp
中国篇,景点,杭州西湖,★☆☆☆☆,,西湖苏堤春晓，桃红柳绿游船画境，雷峰塔远影，写实摄影风格,public/images/china/杭州西湖.webp
中国篇,景点,桂林漓江,★☆☆☆☆,,桂林漓江喀斯特峰林，竹筏渔舟江面倒影如画，写实摄影风格,public/images/china/桂林漓江.webp
中国篇,景点,武当山,★☆☆☆☆,,武当山金顶金殿，云海奇峰道教圣地，写实摄影风格,public/images/china/武当山.webp
中国篇,城市,武汉,★☆☆☆☆,,武汉黄鹤楼与长江大桥，江面货轮往来晨光熹微，写实摄影风格,public/images/china/武汉.webp
中国篇,城市,沈阳,★☆☆☆☆,,沈阳故宫大政殿，满清皇家建筑金瓦红墙，写实摄影风格,public/images/china/沈阳.webp
中国篇,景点,沈阳故宫,★☆☆☆☆,,沈阳故宫崇政殿，红墙金瓦皇家建筑，写实摄影风格,public/images/china/沈阳故宫.webp
中国篇,景点,泰山,★☆☆☆☆,,泰山十八盘与南天门，石阶陡峭云雾缭绕，写实摄影风格,public/images/china/泰山.webp
中国篇,城市,济南,★☆☆☆☆,,济南趵突泉三股泉水喷涌，古亭垂柳环绕，写实摄影风格,public/images/china/济南.webp
中国篇,城市,海口,★☆☆☆☆,,海口骑楼老街，南洋风情建筑午后阳光，写实摄影风格,public/images/china/海口.webp
中国篇,城市,深圳,★☆☆☆☆,,深圳市民中心与平安金融中心天际线，蓝天白云现代都市，写实摄影风格,public/images/china/深圳.webp
中国篇,城市,澳门,★☆☆☆☆,,澳门大三巴牌坊，巴洛克石壁沧桑历史感，写实摄影风格,public/images/china/澳门.webp
中国篇,城市,石家庄,★☆☆☆☆,,石家庄正定隆兴寺古建筑，红墙黛柏宁静肃穆，写实摄影风格,public/images/china/石家庄.webp
中国篇,城市,福州,★☆☆☆☆,,福州三坊七巷古街，白墙黛瓦榕树葱茏，写实摄影风格,public/images/china/福州.webp
中国篇,景点,秦始皇兵马俑,★☆☆☆☆,,秦始皇兵马俑一号坑军阵，陶俑列队气势恢宏，写实摄影风格,public/images/china/秦始皇兵马俑.webp
中国篇,景点,老虎滩海洋公园,★☆☆☆☆,,大连老虎滩极地馆，白鲸表演碧海背景，写实摄影风格,public/images/china/老虎滩海洋公园.webp
中国篇,城市,苏州,★☆☆☆☆,,苏州拙政园古典园林，亭台水榭曲桥荷池，写实摄影风格,public/images/china/苏州.webp
中国篇,城市,西宁,★☆☆☆☆,,西宁塔尔寺八宝如意塔，藏传佛教白塔蓝天，写实摄影风格,public/images/china/西宁.webp
中国篇,城市,西安,★☆☆☆☆,,西安大雁塔与古城墙黄昏，玄奘广场音乐喷泉，写实摄影风格,public/images/china/西安.webp
中国篇,城市,贵阳,★☆☆☆☆,,贵阳甲秀楼夜景，南明河上楼阁倒影灯火，写实摄影风格,public/images/china/贵阳.webp
中国篇,景点,都江堰,★☆☆☆☆,,都江堰鱼嘴分水堤，岷江水势磅礴青山，写实摄影风格,public/images/china/都江堰.webp
中国篇,城市,重庆,★☆☆☆☆,,重庆洪崖洞夜景，层层吊脚楼灯火辉煌映照嘉陵江，写实摄影风格,public/images/china/重庆.webp
中国篇,城市,银川,★☆☆☆☆,,银川西夏陵黄昏，东方金字塔土陵苍茫贺兰山背景，写实摄影风格,public/images/china/银川.webp
中国篇,城市,长春,★☆☆☆☆,,长春净月潭林海雪景，雾凇晶莹冬日暖阳，写实摄影风格,public/images/china/长春.webp
中国篇,景点,颐和园,★☆☆☆☆,,颐和园昆明湖与万寿山佛香阁，长廊石舫全景，写实摄影风格,public/images/china/颐和园.webp
中国篇,城市,香港,★☆☆☆☆,,香港维多利亚港夜景，中环摩天楼灯光璀璨，写实摄影风格,public/images/china/香港.webp
中国篇,景点,鸣沙山月牙泉,★☆☆☆☆,,鸣沙山月牙泉，金色沙山环抱碧水清泉，写实摄影风格,public/images/china/鸣沙山月牙泉.webp
中国篇,景点,黄山,★☆☆☆☆,,黄山迎客松与云海，奇峰怪石日出金光，写实摄影风格,public/images/china/黄山.webp
中国篇,景点,黄鹤楼,★☆☆☆☆,,黄鹤楼全景，长江大桥与城市天际线黄昏，写实摄影风格,public/images/china/黄鹤楼.webp
中国篇,景点,三亚南山,★★☆☆☆,,三亚南山海上观音，一百零八米圣像凌波伫立，写实摄影风格,public/images/china/三亚南山.webp
中国篇,景点,世界之窗,★★☆☆☆,,深圳世界之窗埃菲尔铁塔微缩景观，园区夜景喷泉，写实摄影风格,public/images/china/世界之窗.webp
中国篇,城市,东莞,★★☆☆☆,,东莞松山湖科技园区，现代建筑湖光山色，写实摄影风格,public/images/china/东莞.webp
中国篇,景点,中山陵,★★☆☆☆,,南京中山陵台阶全景，博爱坊与祭堂，写实摄影风格,public/images/china/中山陵.webp
中国篇,城市,乌鲁木齐,★★☆☆☆,,乌鲁木齐国际大巴扎，民族建筑塔楼热闹街市，写实摄影风格,public/images/china/乌鲁木齐.webp
中国篇,城市,乐山,★★☆☆☆,,乐山大佛全景，三江汇流坐佛庄严，写实摄影风格,public/images/china/乐山.webp
中国篇,景点,乐山大佛,★★☆☆☆,,乐山大佛面部特写，千年石刻庄严慈祥，写实摄影风格,public/images/china/乐山大佛.webp
中国篇,景点,五台山,★★☆☆☆,,五台山塔院寺大白塔，青庙古刹蓝天，写实摄影风格,public/images/china/五台山.webp
中国篇,景点,五大连池,★★☆☆☆,,五大连池火山群黑龙山，熔岩台地堰塞湖，写实摄影风格,public/images/china/五大连池.webp
中国篇,城市,佛山,★★☆☆☆,,佛山祖庙，岭南建筑陶塑屋脊，写实摄影风格,public/images/china/佛山.webp
中国篇,城市,克拉玛依,★★☆☆☆,,克拉玛依油田磕头机与魔鬼城雅丹，戈壁日落，写实摄影风格,public/images/china/克拉玛依.webp
中国篇,城市,兰州,★★☆☆☆,,兰州中山桥与黄河，百年铁桥羊皮筏子，写实摄影风格,public/images/china/兰州.webp
中国篇,城市,包头,★★☆☆☆,,包头赛汗塔拉草原，城市中鹿群与草地，写实摄影风格,public/images/china/包头.webp
中国篇,景点,北戴河,★★☆☆☆,,北戴河鸽子窝日出，海滨海鸟沙滩，写实摄影风格,public/images/china/北戴河.webp
中国篇,景点,千岛湖,★★☆☆☆,,千岛湖群岛星罗棋布，碧水青山游船，写实摄影风格,public/images/china/千岛湖.webp
中国篇,景点,华山,★★☆☆☆,,华山西峰绝壁栈道，云海花岗岩奇峰，写实摄影风格,public/images/china/华山.webp
中国篇,城市,南京,★★☆☆☆,,南京中山陵台阶全景，紫金山苍翠庄严，写实摄影风格,public/images/china/南京.webp
中国篇,城市,南阳,★★☆☆☆,,南阳卧龙岗武侯祠，古建庭院松柏，写实摄影风格,public/images/china/南阳.webp
中国篇,城市,厦门,★★☆☆☆,,厦门鼓浪屿全景，红屋顶建筑碧海环抱，写实摄影风格,public/images/china/厦门.webp
中国篇,城市,吉林市,★★☆☆☆,,吉林雾凇岛雾凇，松花江玉树琼花冬日，写实摄影风格,public/images/china/吉林市.webp
中国篇,城市,咸阳,★★☆☆☆,,咸阳清渭楼与渭河，古都黄昏气象，写实摄影风格,public/images/china/咸阳.webp
中国篇,城市,哈尔滨,★★☆☆☆,,哈尔滨圣索菲亚教堂雪景，冰灯夜景冬日氛围，写实摄影风格,public/images/china/哈尔滨.webp
中国篇,城市,唐山,★★☆☆☆,,唐山南湖公园城市风光，凤凰涅槃新城景象，写实摄影风格,public/images/china/唐山.webp
中国篇,景点,壶口瀑布,★★☆☆☆,,黄河壶口瀑布，浊浪奔腾彩虹飞架，写实摄影风格,public/images/china/壶口瀑布.webp
中国篇,城市,大同,★★☆☆☆,,大同古城墙夜景，角楼灯光古韵苍茫，写实摄影风格,public/images/china/大同.webp
中国篇,城市,大庆,★★☆☆☆,,大庆油田磕头机群，夕阳油田井架剪影，写实摄影风格,public/images/china/大庆.webp
中国篇,景点,天山天池,★★☆☆☆,,天山天池，博格达雪峰倒映碧水云杉，写实摄影风格,public/images/china/天山天池.webp
中国篇,景点,天门山,★★☆☆☆,,张家界天门山天门洞，穿山溶洞盘山公路，写实摄影风格,public/images/china/天门山.webp
中国篇,景点,婺源篁岭,★★☆☆☆,,婺源篁岭晒秋，徽派民居晒台五彩农作物，写实摄影风格,public/images/china/婺源篁岭.webp
中国篇,城市,宁波,★★☆☆☆,,宁波天一阁藏书楼，古朴庭院书香园林，写实摄影风格,public/images/china/宁波.webp
中国篇,城市,宜昌,★★☆☆☆,,三峡大坝全景，高峡平湖货轮过闸，写实摄影风格,public/images/china/宜昌.webp
中国篇,景点,岳阳楼,★★☆☆☆,,岳阳楼全景，洞庭湖君山远影，写实摄影风格,public/images/china/岳阳楼.webp
中国篇,景点,峨眉山,★★☆☆☆,,峨眉山金顶十方普贤，云海日出金光，写实摄影风格,public/images/china/峨眉山.webp
中国篇,景点,崂山,★★☆☆☆,,崂山太清宫山海相依，花岗岩峰林黄海，写实摄影风格,public/images/china/崂山.webp
中国篇,景点,平遥古城,★★☆☆☆,,平遥古城墙与街道，明清县城黄昏灯火，写实摄影风格,public/images/china/平遥古城.webp
中国篇,景点,庐山,★★☆☆☆,,庐山三叠泉瀑布，云雾青山飞流，写实摄影风格,public/images/china/庐山.webp
中国篇,城市,延安,★★☆☆☆,,延安宝塔山夜景，延河大桥灯光倒影，写实摄影风格,public/images/china/延安.webp
中国篇,城市,扬州,★★☆☆☆,,扬州瘦西湖五亭桥白塔，春日垂柳桃花，写实摄影风格,public/images/china/扬州.webp
中国篇,城市,拉萨,★★☆☆☆,,拉萨八廓街转经道，大昭寺金顶与朝圣者，写实摄影风格,public/images/china/拉萨.webp
中国篇,景点,敦煌莫高窟,★★☆☆☆,,敦煌莫高窟九层楼，大漠石窟艺术宝库，写实摄影风格,public/images/china/敦煌莫高窟.webp
中国篇,城市,昆明,★★☆☆☆,,昆明滇池海鸥，红嘴鸥翔集高原湖泊，写实摄影风格,public/images/china/昆明.webp
中国篇,城市,汕头,★★☆☆☆,,汕头小公园骑楼老街，南洋建筑放射状街巷，写实摄影风格,public/images/china/汕头.webp
中国篇,景点,沙坡头,★★☆☆☆,,沙坡头黄河与腾格里沙漠，沙丘曲流羊皮筏子，写实摄影风格,public/images/china/沙坡头.webp
中国篇,景点,洱海,★★☆☆☆,,洱海苍山倒影，白族民居渔舟湖畔，写实摄影风格,public/images/china/洱海.webp
中国篇,城市,温州,★★☆☆☆,,温州雁荡山奇峰夜景，灵峰剪影暮色，写实摄影风格,public/images/china/温州.webp
中国篇,城市,烟台,★★☆☆☆,,烟台蓬莱阁，海市仙境海岸楼阁，写实摄影风格,public/images/china/烟台.webp
中国篇,景点,神农架,★★☆☆☆,,神农架金丝猴，原始森林云雾秘境，写实摄影风格,public/images/china/神农架.webp
中国篇,景点,维多利亚港,★★☆☆☆,,香港维多利亚港夜景，天际线灯光倒影，写实摄影风格,public/images/china/维多利亚港.webp
中国篇,城市,绵阳,★★☆☆☆,,绵阳越王楼夜景，涪江两岸灯光，写实摄影风格,public/images/china/绵阳.webp
中国篇,城市,荆州,★★☆☆☆,,荆州古城墙黄昏，宾阳楼城楼壮阔，写实摄影风格,public/images/china/荆州.webp
中国篇,景点,西双版纳,★★☆☆☆,,西双版纳热带雨林，傣族竹楼佛塔大象，写实摄影风格,public/images/china/西双版纳.webp
中国篇,城市,郑州,★★☆☆☆,,郑州嵩山少林寺塔林，中原古塔群晨光，写实摄影风格,public/images/china/郑州.webp
中国篇,景点,镜泊湖,★★☆☆☆,,镜泊湖吊水楼瀑布，湖水如镜瀑布飞流，写实摄影风格,public/images/china/镜泊湖.webp
中国篇,城市,长沙,★★☆☆☆,,长沙橘子洲头，青年毛泽东雕像与湘江，写实摄影风格,public/images/china/长沙.webp
中国篇,景点,青城山,★★☆☆☆,,青城山山门古观，幽静山林道观建筑，写实摄影风格,public/images/china/青城山.webp
中国篇,城市,青岛,★★☆☆☆,,青岛栈桥与红瓦绿树，碧海蓝天德式建筑，写实摄影风格,public/images/china/青岛.webp
中国篇,景点,青海湖,★★☆☆☆,,青海湖油菜花海湖畔，湛蓝湖水雪山背景，写实摄影风格,public/images/china/青海湖.webp
中国篇,景点,黄果树瀑布,★★☆☆☆,,黄果树瀑布全景，水势磅礴水雾彩虹，写实摄影风格,public/images/china/黄果树瀑布.webp
中国篇,景点,鼓浪屿,★★☆☆☆,,鼓浪屿红屋顶与钢琴码头，碧海环绕，写实摄影风格,public/images/china/鼓浪屿.webp
中国篇,景点,龙门石窟,★★☆☆☆,,龙门石窟卢舍那大佛，伊河两岸石刻，写实摄影风格,public/images/china/龙门石窟.webp
世界篇,城市,上海,★☆☆☆☆,,上海外滩夜景，陆家嘴东方明珠与摩天楼，黄浦江灯光，写实摄影,public/images/world/上海.webp
世界篇,城市,东京,★☆☆☆☆,,东京塔与城市夜景，霓虹灯光璀璨，富士山远景，写实摄影风格,public/images/world/东京.webp
世界篇,城市,伦敦,★☆☆☆☆,,伦敦大本钟与议会大厦，泰晤士河暮色，红色双层巴士，写实摄影,public/images/world/伦敦.webp
世界篇,城市,利马,★☆☆☆☆,,利马老城大教堂与广场，太平洋海岸悬崖，日落光线，写实摄影,public/images/world/利马.webp
世界篇,城市,北京,★☆☆☆☆,,北京故宫红墙金瓦，太和殿全景，蓝天白云，写实摄影风格,public/images/world/北京.webp
世界篇,城市,卡萨布兰卡,★☆☆☆☆,,卡萨布兰卡哈桑二世清真寺，大西洋海浪，白色宣礼塔，写实摄影,public/images/world/卡萨布兰卡.webp
世界篇,城市,圣保罗,★☆☆☆☆,,圣保罗城市天际线，保罗大道摩天楼群，黄昏色调，写实摄影,public/images/world/圣保罗.webp
世界篇,城市,墨尔本,★☆☆☆☆,,墨尔本弗林德斯街车站与联邦广场，复古建筑，写实摄影风格,public/images/world/墨尔本.webp
世界篇,城市,墨西哥城,★☆☆☆☆,,墨西哥城宪法广场大教堂，殖民建筑与国旗飘扬，写实摄影,public/images/world/墨西哥城.webp
世界篇,城市,多伦多,★☆☆☆☆,,多伦多国家电视塔与城市天际线，安大略湖畔，黄昏，写实摄影,public/images/world/多伦多.webp
世界篇,城市,奥克兰,★☆☆☆☆,,奥克兰天空塔与港湾帆船，火山丘绿意，晴朗天色，写实摄影,public/images/world/奥克兰.webp
世界篇,城市,孟买,★☆☆☆☆,,孟买印度之门海滨地标，阿拉伯海湾与城市天际线，写实摄影,public/images/world/孟买.webp
世界篇,城市,巴塞罗那,★☆☆☆☆,,巴塞罗那圣家堂奇幻尖塔，地中海阳光，城市街景，写实摄影,public/images/world/巴塞罗那.webp
世界篇,城市,巴黎,★☆☆☆☆,,巴黎埃菲尔铁塔黄昏夜景，暖黄灯光映照塞纳河面，写实摄影风格,public/images/world/巴黎.webp
世界篇,城市,开罗,★☆☆☆☆,,开罗吉萨金字塔群，狮身人面像，沙漠日落余晖，写实摄影风格,public/images/world/开罗.webp
世界篇,城市,悉尼,★☆☆☆☆,,悉尼歌剧院白色风帆建筑，蓝色海港大桥，日落余晖，写实摄影,public/images/world/悉尼.webp
世界篇,城市,新德里,★☆☆☆☆,,新德里印度门地标建筑，宽阔大道绿树成荫，黄昏光线，写实摄影,public/images/world/新德里.webp
世界篇,城市,旧金山,★☆☆☆☆,,旧金山金门大桥，红色桥身云雾缭绕，太平洋海景，写实摄影,public/images/world/旧金山.webp
世界篇,城市,约翰内斯堡,★☆☆☆☆,,约翰内斯堡城市高楼群，高原阳光，现代都市景象，写实摄影,public/images/world/约翰内斯堡.webp
世界篇,城市,纽约,★☆☆☆☆,,纽约曼哈顿摩天楼群夜景，帝国大厦灯光，繁华都市，写实摄影风格,public/images/world/纽约.webp
世界篇,城市,维也纳,★☆☆☆☆,,维也纳美泉宫宫殿与花园，巴洛克建筑，晴空白云，写实摄影,public/images/world/维也纳.webp
世界篇,城市,罗马,★☆☆☆☆,,罗马斗兽场古老遗迹，黄昏暖光，远景城市轮廓，写实摄影风格,public/images/world/罗马.webp
世界篇,城市,芝加哥,★☆☆☆☆,,芝加哥天际线与密歇根湖，摩天楼倒影，夜景灯光，写实摄影,public/images/world/芝加哥.webp
世界篇,城市,莫斯科,★☆☆☆☆,,莫斯科红场圣瓦西里大教堂，彩色洋葱穹顶，冬日雪景，写实摄影,public/images/world/莫斯科.webp
世界篇,城市,迪拜,★☆☆☆☆,,迪拜哈利法塔与帆船酒店，波斯湾碧海，现代都市天际线，写实摄影,public/images/world/迪拜.webp
世界篇,城市,里约热内卢,★☆☆☆☆,,里约基督像山顶张开双臂，俯瞰海湾与海滩，日落，写实摄影,public/images/world/里约热内卢.webp
世界篇,城市,阿姆斯特丹,★☆☆☆☆,,阿姆斯特丹运河风光，山形墙老建筑与游船，郁金香点缀，写实摄影,public/images/world/阿姆斯特丹.webp
世界篇,城市,雅加达,★☆☆☆☆,,雅加达独立纪念塔与城市广场，摩天楼远景，热带暮色，写实摄影,public/images/world/雅加达.webp
世界篇,城市,香港,★☆☆☆☆,,香港维多利亚港夜景，摩天大楼灯光璀璨，渡轮穿梭，写实摄影,public/images/world/香港.webp
世界篇,城市,马德里,★☆☆☆☆,,马德里皇宫建筑全景，广场雕塑与晴朗蓝天，写实摄影风格,public/images/world/马德里.webp
世界篇,城市,伊斯坦布尔,★★☆☆☆,,伊斯坦布尔蓝色清真寺，博斯普鲁斯海峡渡轮，日落，写实摄影,public/images/world/伊斯坦布尔.webp
世界篇,城市,内罗毕,★★☆☆☆,,内罗毕城市天际线与草原长颈鹿，非洲金色阳光，写实摄影,public/images/world/内罗毕.webp
世界篇,城市,布宜诺斯艾利斯,★★☆☆☆,,布宜诺斯艾利斯方尖碑与七九大道，欧式建筑街景，写实摄影,public/images/world/布宜诺斯艾利斯.webp
世界篇,城市,开普敦,★★☆☆☆,,开普敦桌山平顶山峰，城市与海湾全景，云雾缭绕，写实摄影,public/images/world/开普敦.webp
世界篇,城市,新加坡,★★☆☆☆,,新加坡滨海湾金沙与超级树夜景，灯光璀璨，写实摄影风格,public/images/world/新加坡.webp
世界篇,城市,曼谷,★★☆☆☆,,曼谷大皇宫金塔与泰式屋顶，金碧辉煌，黄昏光线，写实摄影,public/images/world/曼谷.webp
世界篇,城市,温哥华,★★☆☆☆,,温哥华城市天际线，雪山海湾与白帆，黄昏光线，写实摄影,public/images/world/温哥华.webp
